"age","income","educ"
15,400,"no HS"
15,9200,"no HS"
15,6000,"no HS"
15,12000,"no HS"
15,1900,"no HS"
15,20800,"no HS"
15,860,"no HS"
16,3000,"no HS"
16,2000,"no HS"
16,1500,"no HS"
16,7200,"no HS"
16,500,"no HS"
16,4500,"no HS"
16,150,"no HS"
16,1000,"no HS"
16,1500,"no HS"
16,750,"no HS"
16,2000,"no HS"
16,3500,"no HS"
16,30,"no HS"
16,2000,"no HS"
16,1500,"no HS"
16,180,"no HS"
16,4200,"no HS"
16,1000,"no HS"
17,50,"no HS"
17,9500,"no HS"
17,12000,"no HS"
17,3500,"no HS"
17,1600,"no HS"
17,2500,"no HS"
17,1500,"no HS"
17,2300,"no HS"
17,2400,"no HS"
17,10000,"HS"
17,1900,"no HS"
17,2500,"no HS"
17,80,"no HS"
17,3500,"no HS"
17,10000,"no HS"
17,6000,"no HS"
17,5200,"Some College"
17,1900,"no HS"
17,4500,"no HS"
17,1200,"no HS"
17,7500,"Some College"
17,500,"no HS"
17,2000,"no HS"
17,6060,"HS"
17,2000,"no HS"
17,17000,"no HS"
18,4000,"HS"
18,780,"no HS"
18,330,"HS"
18,2500,"Some College"
18,3000,"HS"
18,3000,"Some College"
18,1590,"no HS"
18,300,"HS"
18,8500,"HS"
18,6300,"HS"
18,1500,"HS"
18,1000,"Some College"
18,1400,"no HS"
18,120,"no HS"
18,7000,"no HS"
18,800,"Some College"
18,2500,"Some College"
18,500,"HS"
18,600,"Some College"
18,5000,"HS"
18,1700,"HS"
18,3500,"no HS"
18,1200,"Some College"
18,2000,"Some College"
18,4920,"HS"
18,1800,"Some College"
18,2000,"HS"
18,120,"Some College"
18,3000,"no HS"
18,3000,"HS"
18,300,"Some College"
18,500,"no HS"
18,3000,"HS"
18,1300,"HS"
18,3800,"Some College"
18,5000,"HS"
19,6000,"Some College"
19,12000,"Some College"
19,5000,"Some College"
19,3000,"HS"
19,500,"HS"
19,4300,"Some College"
19,3000,"Some College"
19,4000,"Some College"
19,7200,"HS"
19,12000,"HS"
19,2000,"Some College"
19,2400,"HS"
19,990,"Some College"
19,1800,"Some College"
19,1000,"HS"
19,1000,"HS"
19,11000,"Some College"
19,7800,"no HS"
19,1650,"Some College"
19,6000,"HS"
19,1500,"Some College"
19,19000,"HS"
19,25000,"HS"
19,1900,"Some College"
19,1300,"Some College"
19,5000,"Some College"
19,60,"Some College"
19,800,"HS"
19,450,"HS"
19,15000,"Some College"
19,1000,"Some College"
19,2600,"Some College"
19,1400,"Some College"
19,1000,"HS"
19,6000,"Some College"
19,650,"Some College"
19,3000,"Some College"
19,15000,"no HS"
19,30,"Some College"
19,100,"no HS"
19,1100,"HS"
20,3000,"Some College"
20,32800,"HS"
20,10000,"Some College"
20,6900,"HS"
20,20000,"Some College"
20,3000,"Some College"
20,1000,"Some College"
20,5400,"Bachelors"
20,3000,"Some College"
20,13900,"HS"
20,910,"Some College"
20,3300,"Some College"
20,1500,"Some College"
20,10000,"Some College"
20,12000,"HS"
20,2400,"Some College"
20,1500,"Some College"
20,13000,"HS"
20,300,"Some College"
20,3600,"Some College"
20,6000,"HS"
20,800,"Some College"
20,5000,"Some College"
20,2000,"Some College"
20,4000,"Some College"
20,3000,"Some College"
20,10000,"no HS"
20,3000,"Some College"
20,19800,"Some College"
20,3400,"HS"
20,3500,"Some College"
20,11050,"Some College"
20,5000,"Some College"
20,12000,"HS"
20,35000,"HS"
20,29400,"Some College"
20,20000,"HS"
20,13000,"Some College"
20,15000,"Some College"
20,10000,"Some College"
20,1000,"HS"
21,5000,"Some College"
21,8000,"Some College"
21,26100,"Some College"
21,10000,"HS"
21,6400,"Some College"
21,18800,"Some College"
21,400,"Some College"
21,8000,"no HS"
21,8000,"Some College"
21,860,"Some College"
21,500,"HS"
21,1800,"Some College"
21,15000,"HS"
21,6500,"Some College"
21,3000,"Some College"
21,22000,"Some College"
21,2800,"no HS"
21,15000,"Bachelors"
21,36500,"Some College"
21,2000,"Some College"
21,32000,"Some College"
21,18800,"Some College"
21,8000,"Some College"
21,6000,"Some College"
21,6000,"Some College"
21,10000,"Some College"
21,10000,"Masters/Prof"
21,5000,"Some College"
21,25000,"Some College"
21,3000,"Some College"
21,2800,"Associates"
21,10030,"Some College"
21,12000,"Some College"
21,25000,"Some College"
21,3000,"Some College"
21,32000,"Some College"
21,9500,"Some College"
21,3000,"HS"
21,3000,"HS"
21,13500,"Some College"
21,570,"HS"
21,8000,"Some College"
22,22000,"Some College"
22,40000,"Bachelors"
22,14000,"HS"
22,33000,"Bachelors"
22,14000,"Bachelors"
22,6000,"Some College"
22,5200,"Associates"
22,20000,"HS"
22,35000,"Some College"
22,11000,"HS"
22,27000,"Some College"
22,11000,"Associates"
22,5000,"Some College"
22,8000,"Bachelors"
22,4600,"HS"
22,23000,"HS"
22,8000,"Some College"
22,8000,"Bachelors"
22,70000,"Bachelors"
22,20000,"Bachelors"
22,2000,"Bachelors"
22,15000,"Some College"
22,10000,"Some College"
22,14000,"Some College"
22,18500,"Bachelors"
22,56000,"Bachelors"
22,4000,"Some College"
22,26000,"HS"
22,1700,"Some College"
22,6200,"Bachelors"
22,18000,"HS"
22,1000,"Some College"
22,1800,"Bachelors"
22,24000,"HS"
22,1000,"Bachelors"
22,21000,"Bachelors"
22,2500,"Bachelors"
22,1800,"Some College"
22,24000,"HS"
23,35000,"Associates"
23,18000,"HS"
23,40000,"HS"
23,40000,"Bachelors"
23,26000,"Some College"
23,47000,"HS"
23,40000,"Bachelors"
23,6000,"HS"
23,6000,"no HS"
23,49700,"Bachelors"
23,31200,"Bachelors"
23,38000,"Bachelors"
23,22000,"HS"
23,11070,"no HS"
23,18000,"Some College"
23,84000,"Bachelors"
23,39000,"Bachelors"
23,24000,"HS"
23,18000,"Bachelors"
23,25000,"Some College"
23,8300,"HS"
23,32000,"Associates"
23,7000,"Some College"
23,18000,"Bachelors"
23,53000,"Bachelors"
23,46000,"Bachelors"
23,40000,"Bachelors"
23,95000,"Bachelors"
23,3000,"Associates"
23,6000,"Bachelors"
23,32000,"no HS"
23,10100,"HS"
23,8700,"no HS"
23,1400,"no HS"
23,78000,"Bachelors"
23,1000,"Some College"
23,69000,"Bachelors"
23,40000,"Some College"
23,51000,"Bachelors"
23,48000,"Bachelors"
23,11300,"Some College"
23,22300,"Bachelors"
23,6000,"Bachelors"
23,3200,"Some College"
23,75000,"Bachelors"
24,54000,"Bachelors"
24,24000,"Some College"
24,37000,"Bachelors"
24,10000,"Bachelors"
24,33000,"HS"
24,5500,"Bachelors"
24,37500,"Bachelors"
24,54000,"Bachelors"
24,17000,"HS"
24,32000,"Some College"
24,45000,"Bachelors"
24,60000,"Bachelors"
24,2600,"HS"
24,54000,"Bachelors"
24,8400,"Some College"
24,7000,"Bachelors"
24,29900,"Associates"
24,28800,"HS"
24,45000,"Bachelors"
24,9200,"no HS"
24,25000,"Bachelors"
24,22000,"Bachelors"
24,8000,"Associates"
24,61000,"Bachelors"
24,23200,"Bachelors"
24,18000,"Some College"
24,2000,"Some College"
24,20000,"Bachelors"
24,6000,"Bachelors"
24,78000,"Bachelors"
24,32000,"Bachelors"
24,13050,"no HS"
24,30000,"Bachelors"
24,39500,"Some College"
24,48000,"Bachelors"
24,25000,"Some College"
24,25000,"Bachelors"
24,26000,"Associates"
24,33300,"Some College"
24,8500,"HS"
24,4200,"HS"
24,60000,"Bachelors"
24,32000,"Bachelors"
24,6400,"HS"
24,25000,"Some College"
24,35000,"Bachelors"
25,47500,"Bachelors"
25,73300,"HS"
25,10100,"Bachelors"
25,39040,"Some College"
25,7100,"Masters/Prof"
25,1820,"Bachelors"
25,50000,"Masters/Prof"
25,50000,"Bachelors"
25,41300,"Bachelors"
25,30000,"Some College"
25,19000,"Some College"
25,15100,"Masters/Prof"
25,33000,"Bachelors"
25,35000,"Masters/Prof"
25,50000,"Bachelors"
25,83000,"Bachelors"
25,4800,"Some College"
25,29000,"Bachelors"
25,38000,"Bachelors"
25,9630,"Bachelors"
25,500,"Some College"
25,40000,"Bachelors"
25,64000,"Masters/Prof"
25,2500,"no HS"
25,50000,"Bachelors"
25,10000,"HS"
25,31000,"Bachelors"
25,34000,"HS"
25,65000,"Bachelors"
25,30000,"Bachelors"
25,10000,"Bachelors"
25,6000,"Bachelors"
25,44000,"Some College"
25,45000,"Bachelors"
25,50000,"Masters/Prof"
25,20100,"Some College"
25,87000,"Bachelors"
25,45000,"Some College"
25,42500,"Bachelors"
25,1200,"Associates"
25,15000,"no HS"
25,23000,"HS"
25,46800,"Bachelors"
25,2000,"Bachelors"
26,18000,"Masters/Prof"
26,25000,"Bachelors"
26,17300,"Bachelors"
26,30000,"Some College"
26,100000,"Masters/Prof"
26,30000,"Bachelors"
26,50000,"HS"
26,50000,"Masters/Prof"
26,20000,"Bachelors"
26,41300,"Bachelors"
26,25000,"HS"
26,15600,"HS"
26,60000,"Masters/Prof"
26,129000,"Masters/Prof"
26,40000,"Doctoral"
26,25500,"Associates"
26,62000,"HS"
26,29000,"no HS"
26,15000,"Bachelors"
26,107000,"Bachelors"
26,24000,"Some College"
26,53000,"Some College"
26,64020,"Bachelors"
26,75000,"Bachelors"
26,52000,"Bachelors"
26,1200,"Some College"
26,6900,"no HS"
26,35000,"Some College"
26,80000,"Bachelors"
26,22000,"HS"
26,10000,"Bachelors"
26,83000,"Masters/Prof"
26,104800,"Bachelors"
26,32000,"HS"
26,31700,"Bachelors"
26,28100,"HS"
26,81000,"Masters/Prof"
26,52000,"Bachelors"
26,13500,"Some College"
26,60000,"Bachelors"
26,30000,"Bachelors"
26,80020,"Bachelors"
26,54000,"Some College"
26,23000,"Bachelors"
26,76000,"Bachelors"
26,1800,"Masters/Prof"
27,60000,"Bachelors"
27,27000,"Some College"
27,28400,"Bachelors"
27,20000,"Masters/Prof"
27,33000,"Bachelors"
27,75000,"Bachelors"
27,35000,"Associates"
27,41000,"Bachelors"
27,20000,"no HS"
27,40000,"Some College"
27,8600,"HS"
27,42000,"Bachelors"
27,20000,"HS"
27,18400,"no HS"
27,60000,"Bachelors"
27,8000,"no HS"
27,52000,"Bachelors"
27,35000,"Associates"
27,40000,"Bachelors"
27,15100,"HS"
27,64000,"Doctoral"
27,57000,"Bachelors"
27,180000,"Bachelors"
27,46000,"Masters/Prof"
27,30000,"Bachelors"
27,20,"Bachelors"
27,42400,"Some College"
27,35150,"Bachelors"
27,54000,"Bachelors"
27,65000,"Bachelors"
27,48000,"HS"
27,62000,"Bachelors"
27,7200,"no HS"
27,21000,"Some College"
27,15000,"Some College"
27,46500,"HS"
27,50000,"Some College"
27,55000,"Bachelors"
27,28000,"Associates"
27,12950,"Bachelors"
27,24000,"no HS"
27,25000,"HS"
27,5000,"Masters/Prof"
27,30000,"Bachelors"
27,52000,"Masters/Prof"
28,80000,"Bachelors"
28,60000,"Associates"
28,52000,"Bachelors"
28,19600,"Bachelors"
28,35000,"Bachelors"
28,61000,"Associates"
28,26800,"Associates"
28,22000,"Bachelors"
28,35000,"Bachelors"
28,36000,"Bachelors"
28,52000,"Some College"
28,10000,"Masters/Prof"
28,42000,"Some College"
28,26000,"Bachelors"
28,17000,"Some College"
28,50000,"Bachelors"
28,37000,"Some College"
28,62000,"Masters/Prof"
28,2400,"HS"
28,60000,"HS"
28,58000,"Bachelors"
28,28000,"Some College"
28,26700,"Masters/Prof"
28,5000,"Some College"
28,25000,"Bachelors"
28,1200,"Masters/Prof"
28,73300,"Bachelors"
28,64200,"Bachelors"
28,23000,"Bachelors"
28,150000,"Masters/Prof"
28,166000,"Bachelors"
28,1000,"Bachelors"
28,68000,"Doctoral"
28,62000,"Bachelors"
28,98000,"Some College"
28,30100,"Bachelors"
28,35000,"Masters/Prof"
28,20000,"HS"
28,55000,"no HS"
28,48000,"HS"
28,8200,"HS"
28,230000,"Bachelors"
28,35000,"HS"
28,28000,"HS"
28,34400,"HS"
28,63000,"Bachelors"
28,103050,"Masters/Prof"
29,25000,"Bachelors"
29,7300,"no HS"
29,38500,"HS"
29,115000,"Doctoral"
29,50010,"Some College"
29,38000,"Bachelors"
29,174000,"Bachelors"
29,17100,"Some College"
29,20000,"HS"
29,5000,"Bachelors"
29,620000,"Bachelors"
29,75000,"Bachelors"
29,37000,"Masters/Prof"
29,43000,"HS"
29,74000,"Bachelors"
29,80000,"Some College"
29,50000,"HS"
29,97000,"Masters/Prof"
29,8500,"HS"
29,40000,"Masters/Prof"
29,20000,"HS"
29,56000,"Some College"
29,16200,"Some College"
29,90000,"Masters/Prof"
29,79000,"Bachelors"
29,26000,"Some College"
29,130000,"Masters/Prof"
29,90000,"Bachelors"
29,56000,"Masters/Prof"
29,60000,"Bachelors"
29,53000,"Bachelors"
29,70000,"Masters/Prof"
29,70000,"Some College"
29,30000,"Bachelors"
29,85000,"Some College"
29,64000,"Bachelors"
29,85000,"Bachelors"
29,25200,"Bachelors"
29,10000,"Bachelors"
29,50000,"Masters/Prof"
29,33300,"Associates"
29,5000,"Bachelors"
29,40000,"HS"
29,50000,"Associates"
29,106000,"Masters/Prof"
29,3600,"HS"
29,175500,"Masters/Prof"
29,45000,"Bachelors"
29,14800,"Associates"
30,3300,"Associates"
30,63200,"Bachelors"
30,115900,"Bachelors"
30,41600,"Associates"
30,65000,"Bachelors"
30,50000,"Masters/Prof"
30,68000,"Masters/Prof"
30,2800,"HS"
30,17100,"HS"
30,100000,"Masters/Prof"
30,100000,"Doctoral"
30,5600,"HS"
30,9400,"no HS"
30,30000,"Some College"
30,94000,"Bachelors"
30,18000,"Some College"
30,60000,"Doctoral"
30,17000,"Some College"
30,70000,"Bachelors"
30,57000,"Masters/Prof"
30,11500,"HS"
30,103000,"Masters/Prof"
30,45000,"Masters/Prof"
30,55000,"Some College"
30,38600,"HS"
30,45000,"Bachelors"
30,91000,"Bachelors"
30,10000,"HS"
30,76000,"Masters/Prof"
30,40000,"Masters/Prof"
30,60000,"Bachelors"
30,36000,"Bachelors"
30,25000,"HS"
30,75000,"Masters/Prof"
30,34200,"Doctoral"
30,50000,"Bachelors"
30,36000,"Bachelors"
30,7700,"no HS"
30,58000,"Bachelors"
30,66000,"Masters/Prof"
30,19760,"no HS"
30,61000,"Masters/Prof"
30,57000,"Masters/Prof"
30,70000,"Bachelors"
30,41400,"Associates"
30,10000,"Masters/Prof"
30,45700,"Some College"
31,44000,"Doctoral"
31,130000,"Bachelors"
31,92000,"Associates"
31,80000,"Bachelors"
31,60000,"Bachelors"
31,16000,"Associates"
31,50000,"HS"
31,100000,"Bachelors"
31,53000,"Bachelors"
31,140000,"Bachelors"
31,42000,"Bachelors"
31,3000,"HS"
31,9000,"no HS"
31,150000,"Masters/Prof"
31,100000,"Masters/Prof"
31,69000,"Masters/Prof"
31,20000,"HS"
31,80000,"Bachelors"
31,4000,"Some College"
31,66100,"Doctoral"
31,30000,"HS"
31,82500,"Bachelors"
31,90150,"Bachelors"
31,23500,"Some College"
31,2600,"no HS"
31,13300,"HS"
31,62000,"Masters/Prof"
31,65400,"Doctoral"
31,89000,"Bachelors"
31,18700,"HS"
31,48000,"HS"
31,80500,"HS"
31,23000,"Masters/Prof"
31,15000,"HS"
31,2000,"Bachelors"
31,50000,"Some College"
31,5200,"Masters/Prof"
31,22800,"Associates"
31,80000,"Some College"
31,125000,"Masters/Prof"
31,20000,"Some College"
31,60000,"Some College"
31,30500,"Some College"
31,12000,"Bachelors"
31,100000,"Bachelors"
31,26500,"no HS"
32,1000,"HS"
32,15000,"Some College"
32,26000,"Bachelors"
32,78000,"Masters/Prof"
32,55030,"Masters/Prof"
32,3600,"HS"
32,45000,"Some College"
32,62000,"Bachelors"
32,50000,"Doctoral"
32,93000,"Masters/Prof"
32,85000,"Masters/Prof"
32,125000,"Bachelors"
32,1400,"HS"
32,125000,"Bachelors"
32,95000,"Bachelors"
32,160000,"Bachelors"
32,30040,"Bachelors"
32,45000,"Bachelors"
32,188000,"Masters/Prof"
32,60000,"Bachelors"
32,65000,"Associates"
32,65800,"Some College"
32,70000,"Masters/Prof"
32,160000,"Bachelors"
32,80000,"Bachelors"
32,54000,"Bachelors"
32,610,"HS"
32,131000,"Bachelors"
32,28000,"Bachelors"
32,55000,"Masters/Prof"
32,41000,"Some College"
32,27000,"Some College"
32,90700,"Doctoral"
32,290000,"Bachelors"
32,24800,"Some College"
32,168000,"Bachelors"
32,69000,"Masters/Prof"
32,50000,"Bachelors"
32,68000,"Masters/Prof"
32,27000,"Masters/Prof"
32,31000,"HS"
32,3800,"Associates"
32,181000,"Masters/Prof"
32,70000,"Bachelors"
32,125000,"Bachelors"
32,43000,"Bachelors"
32,65000,"Masters/Prof"
33,60000,"Bachelors"
33,71000,"Masters/Prof"
33,72000,"Masters/Prof"
33,50000,"Masters/Prof"
33,120000,"Masters/Prof"
33,50000,"Masters/Prof"
33,100000,"HS"
33,130000,"Bachelors"
33,300000,"Masters/Prof"
33,100000,"Masters/Prof"
33,82000,"Bachelors"
33,30600,"HS"
33,53000,"Masters/Prof"
33,51700,"Bachelors"
33,38800,"Bachelors"
33,10200,"no HS"
33,29000,"Doctoral"
33,40000,"Bachelors"
33,40000,"HS"
33,45000,"HS"
33,29000,"no HS"
33,16000,"no HS"
33,42000,"Associates"
33,17000,"Some College"
33,3000,"no HS"
33,79050,"Bachelors"
33,35000,"Bachelors"
33,10200,"Bachelors"
33,130000,"Bachelors"
33,76800,"Some College"
33,52100,"Masters/Prof"
33,25000,"HS"
33,53670,"HS"
33,40000,"Bachelors"
33,16600,"Associates"
33,40000,"Bachelors"
33,13100,"no HS"
33,40000,"Some College"
33,26000,"Bachelors"
33,55000,"HS"
33,83000,"Bachelors"
33,1300,"no HS"
33,97500,"Bachelors"
33,30000,"Bachelors"
33,25000,"Bachelors"
34,150040,"Doctoral"
34,61300,"Masters/Prof"
34,11000,"Some College"
34,3000,"no HS"
34,164000,"Doctoral"
34,143000,"Masters/Prof"
34,70000,"HS"
34,65000,"Masters/Prof"
34,100000,"Bachelors"
34,15000,"Masters/Prof"
34,100000,"Bachelors"
34,64000,"HS"
34,125000,"Masters/Prof"
34,55000,"Bachelors"
34,133000,"Masters/Prof"
34,35000,"HS"
34,49500,"Associates"
34,70000,"Bachelors"
34,137000,"Bachelors"
34,22600,"Associates"
34,95000,"Masters/Prof"
34,100000,"Bachelors"
34,50000,"Bachelors"
34,10600,"no HS"
34,200000,"Doctoral"
34,8000,"Bachelors"
34,8800,"Masters/Prof"
34,120000,"Bachelors"
34,80000,"Masters/Prof"
34,75000,"Some College"
34,37500,"Bachelors"
34,120,"Bachelors"
34,24600,"Bachelors"
34,120000,"Doctoral"
34,3600,"HS"
34,25000,"Doctoral"
34,70000,"Bachelors"
34,42000,"Associates"
34,34000,"HS"
34,30100,"HS"
34,21000,"Some College"
34,100000,"Some College"
34,15400,"no HS"
34,28000,"HS"
34,50000,"Masters/Prof"
35,75000,"Masters/Prof"
35,45000,"Some College"
35,150000,"Masters/Prof"
35,6000,"HS"
35,60000,"Masters/Prof"
35,18800,"Bachelors"
35,61000,"Masters/Prof"
35,15000,"HS"
35,60000,"Masters/Prof"
35,9500,"no HS"
35,65000,"Bachelors"
35,100000,"Doctoral"
35,53000,"Masters/Prof"
35,149000,"Masters/Prof"
35,36000,"Associates"
35,87500,"Masters/Prof"
35,46000,"no HS"
35,12000,"no HS"
35,44390,"HS"
35,70000,"Masters/Prof"
35,48000,"no HS"
35,96000,"Masters/Prof"
35,66000,"Bachelors"
35,85000,"Masters/Prof"
35,102000,"Bachelors"
35,64000,"HS"
35,61000,"Masters/Prof"
35,80000,"Some College"
35,55000,"no HS"
35,70000,"Masters/Prof"
35,80000,"Associates"
35,73000,"Masters/Prof"
35,51000,"Some College"
35,137000,"Bachelors"
35,95000,"Masters/Prof"
35,30000,"HS"
35,1500,"HS"
35,58000,"Bachelors"
35,65000,"Bachelors"
35,20,"Bachelors"
35,60000,"HS"
35,100000,"Masters/Prof"
35,70000,"Some College"
36,130030,"Bachelors"
36,130010,"Bachelors"
36,53000,"Masters/Prof"
36,145600,"Masters/Prof"
36,10000,"no HS"
36,60000,"Masters/Prof"
36,48000,"Associates"
36,75000,"HS"
36,40000,"Bachelors"
36,122200,"Masters/Prof"
36,75000,"Masters/Prof"
36,100200,"Masters/Prof"
36,140000,"Masters/Prof"
36,15300,"Associates"
36,93010,"Doctoral"
36,40000,"HS"
36,120000,"Bachelors"
36,24000,"HS"
36,22400,"HS"
36,38300,"Doctoral"
36,64000,"HS"
36,43000,"Some College"
36,88400,"Bachelors"
36,1200,"HS"
36,21900,"HS"
36,107000,"Bachelors"
36,10200,"Some College"
36,160000,"Bachelors"
36,40000,"HS"
36,19800,"Some College"
36,20000,"Associates"
36,42000,"Bachelors"
36,11700,"no HS"
36,120000,"Masters/Prof"
36,30000,"HS"
36,43000,"Associates"
36,80000,"Bachelors"
36,48100,"Bachelors"
36,9000,"Bachelors"
36,11200,"Bachelors"
36,70000,"Masters/Prof"
36,19100,"no HS"
36,71000,"Bachelors"
36,382000,"Bachelors"
36,37000,"Some College"
37,37500,"Associates"
37,11000,"no HS"
37,240000,"Doctoral"
37,80000,"HS"
37,20000,"HS"
37,76000,"Bachelors"
37,30000,"Some College"
37,55200,"Bachelors"
37,270000,"HS"
37,52000,"Associates"
37,23300,"Bachelors"
37,97200,"Associates"
37,1500,"Some College"
37,40000,"Some College"
37,30000,"Bachelors"
37,65000,"Bachelors"
37,38000,"HS"
37,60000,"Associates"
37,225000,"Bachelors"
37,40000,"Doctoral"
37,12970,"Masters/Prof"
37,75000,"Bachelors"
37,50150,"Doctoral"
37,83000,"Associates"
37,143700,"Masters/Prof"
37,58000,"Masters/Prof"
37,90000,"Bachelors"
37,54000,"Bachelors"
37,108800,"Masters/Prof"
37,21000,"HS"
37,4000,"Bachelors"
37,30000,"Bachelors"
37,55000,"Bachelors"
37,89000,"HS"
37,70000,"Bachelors"
37,52000,"Some College"
37,52000,"Bachelors"
37,100000,"Bachelors"
37,29100,"no HS"
37,35000,"HS"
37,8130,"HS"
37,90000,"Bachelors"
37,70000,"Bachelors"
37,114000,"Bachelors"
37,15600,"HS"
37,53000,"Associates"
37,8130,"HS"
37,2000,"Masters/Prof"
38,2000,"no HS"
38,46800,"HS"
38,55000,"Bachelors"
38,110000,"Associates"
38,30000,"Bachelors"
38,110000,"Bachelors"
38,60000,"Masters/Prof"
38,33000,"HS"
38,40000,"Masters/Prof"
38,16000,"Some College"
38,40000,"Masters/Prof"
38,80000,"Bachelors"
38,43000,"Masters/Prof"
38,10800,"Some College"
38,89000,"Masters/Prof"
38,164000,"Bachelors"
38,265000,"Bachelors"
38,5000,"Bachelors"
38,61000,"Masters/Prof"
38,50000,"Some College"
38,197000,"Bachelors"
38,140800,"Doctoral"
38,49000,"no HS"
38,82010,"Bachelors"
38,43200,"Bachelors"
38,100000,"Masters/Prof"
38,135000,"Bachelors"
38,58000,"Bachelors"
38,95000,"Some College"
38,45000,"no HS"
38,13000,"Doctoral"
38,25000,"Some College"
38,51800,"HS"
38,45000,"Some College"
38,20000,"Masters/Prof"
38,54000,"Some College"
38,112000,"Masters/Prof"
38,138000,"Masters/Prof"
38,16000,"HS"
38,63000,"Masters/Prof"
38,80000,"Associates"
38,82000,"Some College"
38,35000,"Some College"
38,35000,"HS"
38,80000,"Bachelors"
38,64000,"Associates"
38,40100,"HS"
38,12000,"Some College"
39,18000,"HS"
39,19800,"Associates"
39,195000,"Masters/Prof"
39,16100,"Some College"
39,68000,"Associates"
39,25000,"HS"
39,150100,"Bachelors"
39,60000,"Bachelors"
39,92000,"Bachelors"
39,153600,"Bachelors"
39,46000,"Bachelors"
39,25050,"Associates"
39,115000,"Masters/Prof"
39,60000,"Bachelors"
39,70000,"Associates"
39,4200,"HS"
39,96000,"Masters/Prof"
39,85000,"Bachelors"
39,88020,"Masters/Prof"
39,25000,"Associates"
39,31200,"Some College"
39,35000,"Bachelors"
39,14000,"HS"
39,75000,"Masters/Prof"
39,218600,"Bachelors"
39,75000,"Some College"
39,16800,"Bachelors"
39,90000,"HS"
39,31000,"Doctoral"
39,1500,"Masters/Prof"
39,200000,"Masters/Prof"
39,100000,"Bachelors"
39,230000,"Masters/Prof"
39,42000,"Bachelors"
39,65000,"Masters/Prof"
39,110000,"Masters/Prof"
39,30000,"HS"
39,33500,"Bachelors"
39,35000,"Bachelors"
39,179000,"Bachelors"
39,100000,"Bachelors"
39,40000,"HS"
39,194400,"Masters/Prof"
39,40100,"Bachelors"
39,42000,"Masters/Prof"
40,17000,"Some College"
40,3400,"no HS"
40,75000,"HS"
40,60000,"HS"
40,25800,"HS"
40,250000,"Bachelors"
40,40000,"Masters/Prof"
40,17600,"Some College"
40,3000,"Masters/Prof"
40,82000,"Masters/Prof"
40,620000,"Masters/Prof"
40,48000,"Bachelors"
40,50000,"Associates"
40,60000,"Some College"
40,35400,"HS"
40,112000,"Masters/Prof"
40,72000,"Masters/Prof"
40,60000,"Masters/Prof"
40,50000,"Associates"
40,10000,"HS"
40,51500,"Associates"
40,115000,"Bachelors"
40,10000,"no HS"
40,80000,"Masters/Prof"
40,59000,"Bachelors"
40,3000,"HS"
40,95000,"Masters/Prof"
40,14900,"Some College"
40,54600,"Some College"
40,44000,"Associates"
40,200000,"Masters/Prof"
40,100000,"Some College"
40,25000,"HS"
40,24000,"no HS"
40,250,"Bachelors"
40,64000,"Bachelors"
40,10800,"HS"
40,19500,"Masters/Prof"
40,92050,"Masters/Prof"
40,80000,"Masters/Prof"
40,82000,"Masters/Prof"
40,5700,"no HS"
40,3000,"Associates"
41,93000,"Masters/Prof"
41,168000,"Masters/Prof"
41,26500,"no HS"
41,50000,"no HS"
41,10000,"Bachelors"
41,38000,"Bachelors"
41,67300,"Masters/Prof"
41,65000,"Associates"
41,50000,"Some College"
41,17000,"Some College"
41,110000,"Masters/Prof"
41,54000,"Doctoral"
41,8800,"no HS"
41,50000,"HS"
41,74000,"Masters/Prof"
41,41600,"Some College"
41,19000,"no HS"
41,5000,"Masters/Prof"
41,250000,"Bachelors"
41,70000,"Associates"
41,100000,"Bachelors"
41,54000,"Associates"
41,8800,"no HS"
41,9000,"Bachelors"
41,60000,"Masters/Prof"
41,50000,"Some College"
41,21500,"Associates"
41,65000,"Bachelors"
41,55000,"Masters/Prof"
41,35000,"HS"
41,40000,"Bachelors"
41,70000,"Bachelors"
41,70000,"Masters/Prof"
41,76000,"Masters/Prof"
41,75000,"Masters/Prof"
41,120000,"Doctoral"
41,19700,"Some College"
41,8100,"no HS"
41,140,"Bachelors"
41,50000,"Some College"
41,13700,"HS"
41,9000,"no HS"
41,110000,"Bachelors"
41,80000,"Masters/Prof"
41,201000,"Masters/Prof"
41,54000,"Associates"
41,55000,"Some College"
42,48000,"Some College"
42,49000,"Some College"
42,88000,"Masters/Prof"
42,20000,"Bachelors"
42,150000,"Some College"
42,15000,"Doctoral"
42,120000,"Masters/Prof"
42,112000,"Masters/Prof"
42,31000,"Some College"
42,37500,"Some College"
42,65000,"HS"
42,75000,"Bachelors"
42,225000,"Masters/Prof"
42,60000,"Some College"
42,54050,"Masters/Prof"
42,42000,"HS"
42,350000,"Masters/Prof"
42,61000,"Associates"
42,98000,"HS"
42,75000,"Some College"
42,67000,"Some College"
42,75800,"Bachelors"
42,145000,"Doctoral"
42,38000,"HS"
42,68200,"Masters/Prof"
42,18000,"Associates"
42,15000,"Bachelors"
42,80000,"no HS"
42,80000,"Masters/Prof"
42,32900,"HS"
42,157500,"Associates"
42,75000,"no HS"
42,30000,"Some College"
42,13700,"HS"
42,71000,"Masters/Prof"
42,82000,"Masters/Prof"
42,66000,"Bachelors"
42,43000,"no HS"
42,6040,"Masters/Prof"
42,180000,"Masters/Prof"
42,68000,"Associates"
42,92000,"Masters/Prof"
42,85000,"Masters/Prof"
42,250000,"Masters/Prof"
42,74000,"Masters/Prof"
42,65000,"Some College"
43,85000,"Bachelors"
43,45000,"Associates"
43,33000,"HS"
43,50000,"Masters/Prof"
43,45000,"HS"
43,147000,"Bachelors"
43,13000,"Bachelors"
43,500,"Some College"
43,31000,"Associates"
43,89000,"Bachelors"
43,99000,"Associates"
43,900,"HS"
43,35000,"HS"
43,57000,"Some College"
43,7000,"Bachelors"
43,75000,"Bachelors"
43,9600,"no HS"
43,175000,"Some College"
43,25000,"Bachelors"
43,106000,"Bachelors"
43,27000,"Some College"
43,14000,"no HS"
43,130000,"Bachelors"
43,140000,"Bachelors"
43,96000,"Bachelors"
43,261000,"Masters/Prof"
43,191300,"Bachelors"
43,2200,"Bachelors"
43,284050,"Doctoral"
43,35000,"HS"
43,45000,"Masters/Prof"
43,40000,"Some College"
43,200000,"Doctoral"
43,20000,"Bachelors"
43,101000,"Bachelors"
43,140600,"Bachelors"
43,90000,"Bachelors"
43,22000,"no HS"
43,36000,"Some College"
43,19000,"Masters/Prof"
43,20000,"Masters/Prof"
43,108000,"Masters/Prof"
43,58000,"Bachelors"
43,50000,"Some College"
43,65100,"Associates"
43,150000,"Masters/Prof"
44,194000,"Masters/Prof"
44,25000,"HS"
44,54000,"Some College"
44,22000,"HS"
44,180000,"Bachelors"
44,15000,"Some College"
44,85000,"Masters/Prof"
44,220300,"Doctoral"
44,75000,"Masters/Prof"
44,11000,"no HS"
44,16800,"Some College"
44,80000,"no HS"
44,60000,"Some College"
44,70000,"Bachelors"
44,12000,"Masters/Prof"
44,42000,"Masters/Prof"
44,170400,"Bachelors"
44,80200,"Doctoral"
44,85000,"Masters/Prof"
44,255000,"Masters/Prof"
44,22900,"HS"
44,80000,"Bachelors"
44,100000,"Masters/Prof"
44,265500,"Doctoral"
44,100000,"Some College"
44,15000,"Bachelors"
44,65000,"Some College"
44,35000,"HS"
44,80000,"HS"
44,31000,"HS"
44,26000,"no HS"
44,13700,"Bachelors"
44,60000,"Associates"
44,70000,"no HS"
44,17100,"no HS"
44,197200,"Masters/Prof"
44,60000,"no HS"
44,50000,"Bachelors"
44,34000,"Bachelors"
44,130000,"Bachelors"
44,125000,"Bachelors"
44,17100,"HS"
44,70000,"Masters/Prof"
44,136000,"Masters/Prof"
44,100000,"HS"
44,33600,"Bachelors"
44,65000,"Some College"
45,100000,"Masters/Prof"
45,110000,"Bachelors"
45,130000,"Masters/Prof"
45,70000,"Masters/Prof"
45,170000,"Bachelors"
45,569000,"Bachelors"
45,50000,"Some College"
45,19000,"Masters/Prof"
45,55000,"Some College"
45,130000,"Bachelors"
45,133000,"Associates"
45,40000,"HS"
45,41200,"HS"
45,11000,"HS"
45,160000,"Doctoral"
45,2500,"Bachelors"
45,140000,"Masters/Prof"
45,94020,"Masters/Prof"
45,90000,"Masters/Prof"
45,40000,"Some College"
45,24400,"Some College"
45,100000,"Masters/Prof"
45,120000,"Doctoral"
45,20000,"Masters/Prof"
45,85000,"Associates"
45,80000,"Some College"
45,30000,"HS"
45,40000,"Some College"
45,6000,"Some College"
45,71000,"Associates"
45,100000,"Associates"
45,40000,"HS"
45,2000,"HS"
45,190000,"Bachelors"
45,70000,"HS"
45,24000,"Associates"
45,30000,"HS"
45,31500,"Masters/Prof"
45,212000,"Masters/Prof"
45,4600,"Some College"
45,97000,"Bachelors"
45,33000,"Bachelors"
45,82000,"Masters/Prof"
46,50000,"HS"
46,26500,"Some College"
46,70000,"Associates"
46,37000,"Associates"
46,39000,"Some College"
46,16800,"HS"
46,95000,"Masters/Prof"
46,25000,"Bachelors"
46,35400,"HS"
46,45000,"Some College"
46,2000,"HS"
46,85000,"Masters/Prof"
46,46000,"Some College"
46,44000,"Masters/Prof"
46,10000,"HS"
46,63000,"Some College"
46,68000,"HS"
46,8000,"Some College"
46,200000,"Bachelors"
46,30000,"Some College"
46,79000,"Bachelors"
46,60000,"HS"
46,39000,"HS"
46,30500,"Some College"
46,70000,"Bachelors"
46,30000,"HS"
46,40000,"Associates"
46,740,"Masters/Prof"
46,69900,"Bachelors"
46,120100,"Masters/Prof"
46,55000,"Some College"
46,140000,"Masters/Prof"
46,85000,"Bachelors"
46,90000,"Bachelors"
46,190000,"Masters/Prof"
46,87000,"Masters/Prof"
46,69000,"Masters/Prof"
46,20030,"Some College"
46,200000,"Bachelors"
46,21600,"no HS"
46,48000,"Some College"
46,40000,"Some College"
46,95000,"Bachelors"
46,40000,"HS"
46,38000,"Masters/Prof"
46,300480,"Masters/Prof"
47,36000,"Bachelors"
47,130000,"Associates"
47,174000,"Masters/Prof"
47,45000,"Bachelors"
47,90000,"no HS"
47,76000,"Some College"
47,200000,"Masters/Prof"
47,100000,"Bachelors"
47,500,"Some College"
47,95000,"Masters/Prof"
47,10000,"Bachelors"
47,50000,"HS"
47,75000,"Masters/Prof"
47,175000,"HS"
47,18000,"no HS"
47,79000,"Masters/Prof"
47,108000,"Bachelors"
47,57500,"Some College"
47,880,"HS"
47,42000,"HS"
47,60000,"Associates"
47,90000,"Associates"
47,65020,"Some College"
47,101000,"Masters/Prof"
47,55000,"Bachelors"
47,50000,"Some College"
47,50000,"HS"
47,11000,"Masters/Prof"
47,88200,"Masters/Prof"
47,150000,"Doctoral"
47,120000,"Masters/Prof"
47,40000,"Associates"
47,750,"Some College"
47,22000,"HS"
47,65000,"HS"
47,75000,"Masters/Prof"
47,120000,"Masters/Prof"
47,35000,"no HS"
47,2600,"HS"
47,15000,"Bachelors"
47,31000,"Bachelors"
47,45000,"no HS"
47,6500,"Doctoral"
47,32000,"HS"
47,235000,"Masters/Prof"
47,23400,"Some College"
47,132030,"Some College"
48,10500,"Some College"
48,140000,"Doctoral"
48,10000,"HS"
48,250000,"Masters/Prof"
48,168000,"Bachelors"
48,39000,"HS"
48,130000,"Masters/Prof"
48,23900,"HS"
48,66030,"Some College"
48,40000,"HS"
48,9300,"Associates"
48,40000,"Bachelors"
48,41600,"no HS"
48,10200,"no HS"
48,95000,"Associates"
48,80000,"Associates"
48,149000,"Bachelors"
48,32000,"Some College"
48,160000,"Masters/Prof"
48,18000,"HS"
48,73000,"HS"
48,35000,"Bachelors"
48,166470,"Bachelors"
48,95000,"Masters/Prof"
48,42000,"HS"
48,110000,"Masters/Prof"
48,107000,"Bachelors"
48,99000,"Doctoral"
48,75000,"Associates"
48,10000,"no HS"
48,147000,"Doctoral"
48,39000,"HS"
48,100000,"Some College"
48,105750,"Masters/Prof"
48,620000,"Bachelors"
48,55000,"Masters/Prof"
48,50400,"HS"
48,24000,"Some College"
48,72000,"Associates"
48,3000,"no HS"
48,65000,"Masters/Prof"
48,24000,"Bachelors"
48,620000,"Masters/Prof"
48,40000,"HS"
48,34000,"Some College"
48,75000,"Associates"
48,120000,"Bachelors"
49,200,"HS"
49,41000,"HS"
49,3500,"Bachelors"
49,50000,"Bachelors"
49,50000,"Some College"
49,40000,"Some College"
49,1000,"Some College"
49,301000,"Doctoral"
49,40500,"Masters/Prof"
49,80000,"Some College"
49,165000,"Bachelors"
49,20000,"Some College"
49,18300,"no HS"
49,60000,"HS"
49,59000,"Some College"
49,72000,"Associates"
49,47900,"Some College"
49,37000,"HS"
49,106000,"Masters/Prof"
49,107000,"Bachelors"
49,11400,"HS"
49,622000,"Bachelors"
49,43000,"Associates"
49,85000,"Some College"
49,322000,"Bachelors"
49,110000,"Some College"
49,100000,"HS"
49,121600,"Doctoral"
49,15600,"no HS"
49,247000,"Bachelors"
49,47000,"Masters/Prof"
49,57000,"Some College"
49,147000,"Doctoral"
49,70000,"Bachelors"
49,61000,"HS"
49,103000,"Masters/Prof"
49,100000,"Masters/Prof"
49,30000,"Some College"
49,65000,"Bachelors"
49,45000,"Bachelors"
49,58000,"Associates"
49,50400,"Bachelors"
49,100000,"Masters/Prof"
49,42000,"Some College"
50,2500,"HS"
50,96000,"HS"
50,3100,"Associates"
50,89000,"Masters/Prof"
50,30000,"Associates"
50,40000,"Associates"
50,95000,"Bachelors"
50,26000,"Associates"
50,11000,"HS"
50,150000,"Masters/Prof"
50,165000,"HS"
50,160000,"Masters/Prof"
50,68000,"Associates"
50,95000,"Masters/Prof"
50,41000,"Bachelors"
50,75200,"Doctoral"
50,126000,"Bachelors"
50,620000,"Bachelors"
50,7200,"Some College"
50,919000,"Bachelors"
50,26800,"HS"
50,72000,"Bachelors"
50,124000,"Bachelors"
50,25800,"Some College"
50,30000,"Some College"
50,200500,"Masters/Prof"
50,10000,"no HS"
50,100000,"HS"
50,644000,"Bachelors"
50,6000,"no HS"
50,30000,"Some College"
50,96100,"Bachelors"
50,46000,"no HS"
50,49000,"Bachelors"
50,250000,"Bachelors"
50,49240,"Bachelors"
50,39000,"HS"
50,250000,"Masters/Prof"
50,35000,"HS"
50,44700,"Some College"
50,7900,"Associates"
50,256000,"Masters/Prof"
50,12000,"Some College"
50,46500,"Some College"
50,10000,"Masters/Prof"
50,13000,"Bachelors"
50,40000,"Bachelors"
50,12500,"Masters/Prof"
50,60000,"Associates"
50,102000,"Bachelors"
51,200000,"Bachelors"
51,31000,"HS"
51,300,"Bachelors"
51,60000,"Masters/Prof"
51,45000,"Masters/Prof"
51,258000,"Doctoral"
51,70000,"Bachelors"
51,37000,"Associates"
51,620070,"Masters/Prof"
51,74000,"Associates"
51,25000,"HS"
51,33000,"HS"
51,99000,"Bachelors"
51,7700,"Some College"
51,80000,"HS"
51,135600,"Some College"
51,16000,"no HS"
51,19000,"Bachelors"
51,300030,"Doctoral"
51,144100,"Doctoral"
51,43000,"HS"
51,13300,"HS"
51,55000,"Bachelors"
51,200000,"Some College"
51,66000,"Masters/Prof"
51,48000,"HS"
51,170000,"Some College"
51,52000,"HS"
51,67800,"Masters/Prof"
51,42000,"HS"
51,158000,"Masters/Prof"
51,80000,"Masters/Prof"
51,65000,"Associates"
51,20000,"HS"
51,10000,"HS"
51,35000,"Bachelors"
51,4900,"Some College"
51,112000,"Masters/Prof"
51,13600,"Bachelors"
51,80000,"HS"
51,4500,"no HS"
51,638600,"Masters/Prof"
51,19100,"HS"
51,29000,"Masters/Prof"
51,17000,"Some College"
51,133000,"Masters/Prof"
51,30000,"HS"
52,39000,"Some College"
52,70000,"Bachelors"
52,32000,"Some College"
52,620000,"Masters/Prof"
52,32000,"Some College"
52,64000,"Bachelors"
52,60000,"Associates"
52,73000,"Masters/Prof"
52,46400,"HS"
52,53800,"Bachelors"
52,398000,"Doctoral"
52,40000,"no HS"
52,51800,"Masters/Prof"
52,100000,"Some College"
52,47000,"HS"
52,55000,"Associates"
52,4000,"Masters/Prof"
52,35000,"HS"
52,9300,"HS"
52,70000,"Bachelors"
52,30600,"Bachelors"
52,50000,"Masters/Prof"
52,130000,"Bachelors"
52,58000,"Masters/Prof"
52,120000,"Masters/Prof"
52,140000,"Bachelors"
52,100000,"HS"
52,123400,"Bachelors"
52,20,"Masters/Prof"
52,38000,"Masters/Prof"
52,89300,"Some College"
52,70000,"HS"
52,9160,"HS"
52,57000,"Masters/Prof"
52,26700,"Associates"
52,60000,"Masters/Prof"
52,4700,"HS"
52,65900,"Bachelors"
52,40000,"Associates"
52,7200,"HS"
52,150000,"Masters/Prof"
52,32000,"Some College"
52,18000,"HS"
53,15000,"Associates"
53,180150,"HS"
53,5000,"Masters/Prof"
53,28000,"HS"
53,38000,"no HS"
53,107300,"Bachelors"
53,120000,"HS"
53,14000,"no HS"
53,75000,"Masters/Prof"
53,25000,"Bachelors"
53,620000,"Bachelors"
53,41000,"Associates"
53,95000,"Associates"
53,110000,"HS"
53,299000,"Doctoral"
53,126200,"Bachelors"
53,15000,"Bachelors"
53,100000,"Bachelors"
53,48000,"HS"
53,70000,"Masters/Prof"
53,2200,"Bachelors"
53,43000,"Some College"
53,196000,"Bachelors"
53,58000,"Bachelors"
53,39000,"Bachelors"
53,36400,"HS"
53,31200,"HS"
53,90100,"Bachelors"
53,300000,"HS"
53,177800,"Bachelors"
53,18200,"Bachelors"
53,46600,"Some College"
53,80000,"Masters/Prof"
53,85000,"Some College"
53,48000,"Some College"
53,20000,"Associates"
53,100000,"HS"
53,57000,"Some College"
53,71000,"Bachelors"
53,85000,"HS"
53,40000,"no HS"
53,75000,"HS"
53,200000,"Bachelors"
53,57000,"Bachelors"
53,414800,"HS"
53,21000,"Bachelors"
54,40000,"Bachelors"
54,56500,"HS"
54,50000,"Masters/Prof"
54,175000,"Masters/Prof"
54,73000,"HS"
54,250100,"Some College"
54,25000,"Masters/Prof"
54,300000,"Bachelors"
54,135000,"Masters/Prof"
54,88000,"Bachelors"
54,79200,"HS"
54,40000,"Masters/Prof"
54,93000,"Bachelors"
54,39100,"Some College"
54,150000,"Bachelors"
54,11000,"Some College"
54,21100,"Masters/Prof"
54,22000,"Masters/Prof"
54,30650,"Masters/Prof"
54,7000,"Masters/Prof"
54,54000,"Some College"
54,620000,"Masters/Prof"
54,12000,"Masters/Prof"
54,204000,"Masters/Prof"
54,10000,"Some College"
54,213000,"Bachelors"
54,96000,"Associates"
54,87000,"Bachelors"
54,620000,"Bachelors"
54,40000,"no HS"
54,55000,"HS"
54,21000,"HS"
54,265000,"Bachelors"
54,63000,"Bachelors"
54,98000,"Bachelors"
54,35000,"no HS"
54,26700,"HS"
54,23000,"HS"
54,35000,"HS"
54,16000,"Some College"
54,202500,"Masters/Prof"
54,48000,"Some College"
54,150500,"Masters/Prof"
54,32000,"Associates"
54,38000,"HS"
54,105500,"Bachelors"
54,150100,"Doctoral"
55,18000,"Some College"
55,90000,"Bachelors"
55,67000,"HS"
55,120000,"Doctoral"
55,200000,"Bachelors"
55,65000,"Bachelors"
55,201200,"Masters/Prof"
55,34000,"Bachelors"
55,76900,"Bachelors"
55,18000,"HS"
55,200,"no HS"
55,136000,"HS"
55,112000,"Bachelors"
55,150000,"Bachelors"
55,109000,"Bachelors"
55,80000,"Associates"
55,24000,"HS"
55,120000,"Masters/Prof"
55,11700,"Masters/Prof"
55,180000,"Bachelors"
55,40000,"HS"
55,40000,"Some College"
55,45000,"Bachelors"
55,60000,"Associates"
55,181000,"Bachelors"
55,58000,"Associates"
55,65000,"HS"
55,182000,"Bachelors"
55,74000,"HS"
55,41700,"HS"
55,75000,"HS"
55,640000,"Masters/Prof"
55,89000,"Bachelors"
55,46000,"Some College"
55,11800,"HS"
55,9600,"no HS"
55,31500,"no HS"
55,5800,"no HS"
55,19000,"no HS"
55,100000,"Bachelors"
55,78300,"Associates"
55,201000,"Masters/Prof"
55,60000,"Masters/Prof"
55,25200,"HS"
55,50000,"Bachelors"
55,60000,"Some College"
55,72000,"Associates"
55,73200,"no HS"
55,60000,"HS"
56,109000,"Masters/Prof"
56,100300,"Masters/Prof"
56,120000,"Some College"
56,36000,"Associates"
56,74150,"Masters/Prof"
56,130000,"Masters/Prof"
56,88030,"Masters/Prof"
56,114130,"Bachelors"
56,95000,"Masters/Prof"
56,90000,"HS"
56,45000,"Some College"
56,200000,"Masters/Prof"
56,130000,"HS"
56,12500,"HS"
56,65000,"Masters/Prof"
56,60000,"no HS"
56,299000,"Some College"
56,24900,"HS"
56,8400,"no HS"
56,56000,"Some College"
56,135000,"Masters/Prof"
56,540,"no HS"
56,145600,"Masters/Prof"
56,38830,"Some College"
56,35000,"Associates"
56,24500,"HS"
56,12000,"no HS"
56,50000,"Bachelors"
56,27000,"HS"
56,45000,"Some College"
56,18000,"Associates"
56,40000,"Associates"
56,140000,"Associates"
56,66000,"Masters/Prof"
56,120000,"Masters/Prof"
56,60000,"Associates"
56,160000,"HS"
56,18400,"HS"
56,150000,"Bachelors"
56,81500,"Bachelors"
56,116000,"Bachelors"
56,50000,"Some College"
56,45000,"HS"
56,105000,"Doctoral"
56,44000,"HS"
57,78000,"Associates"
57,120000,"Some College"
57,15800,"HS"
57,80000,"Masters/Prof"
57,28300,"Associates"
57,80000,"Some College"
57,26000,"no HS"
57,150000,"Bachelors"
57,53000,"HS"
57,90000,"HS"
57,60000,"Associates"
57,103000,"Some College"
57,27100,"HS"
57,161200,"Masters/Prof"
57,20200,"Associates"
57,72000,"Masters/Prof"
57,12000,"Bachelors"
57,35000,"HS"
57,70000,"Associates"
57,100000,"HS"
57,174700,"Masters/Prof"
57,24100,"Bachelors"
57,30000,"Masters/Prof"
57,38000,"Some College"
57,66800,"Associates"
57,40000,"Bachelors"
57,304000,"Masters/Prof"
57,2300,"no HS"
57,24600,"HS"
57,95600,"HS"
57,43000,"Associates"
57,22000,"Some College"
57,23100,"HS"
57,119000,"Bachelors"
57,82000,"Masters/Prof"
57,42000,"HS"
57,52010,"Some College"
57,25000,"Some College"
57,950,"Some College"
57,60600,"Some College"
57,183000,"Masters/Prof"
57,47200,"Bachelors"
57,17000,"HS"
57,1500,"HS"
57,20000,"Bachelors"
57,100300,"Masters/Prof"
58,48000,"Masters/Prof"
58,126000,"Bachelors"
58,78000,"Some College"
58,50000,"no HS"
58,30100,"Some College"
58,8400,"HS"
58,75000,"HS"
58,191000,"Masters/Prof"
58,45000,"HS"
58,23800,"HS"
58,56030,"Associates"
58,128000,"Bachelors"
58,167000,"Masters/Prof"
58,27000,"HS"
58,90000,"Masters/Prof"
58,97000,"Associates"
58,36100,"no HS"
58,90000,"Associates"
58,115000,"Masters/Prof"
58,70100,"Bachelors"
58,20000,"Some College"
58,80000,"Bachelors"
58,83200,"Masters/Prof"
58,107000,"Masters/Prof"
58,145000,"Associates"
58,180500,"Masters/Prof"
58,83000,"Some College"
58,99000,"Masters/Prof"
58,88000,"HS"
58,25000,"HS"
58,34000,"HS"
58,150000,"Masters/Prof"
58,155000,"Bachelors"
58,120000,"Masters/Prof"
58,140100,"Some College"
58,117100,"Some College"
58,37100,"HS"
58,18300,"Bachelors"
58,60000,"HS"
58,2000,"Some College"
58,70000,"Some College"
58,80250,"Doctoral"
58,85000,"Some College"
58,65700,"HS"
58,175000,"Bachelors"
59,7100,"HS"
59,25000,"HS"
59,43300,"Some College"
59,100000,"Bachelors"
59,84000,"Associates"
59,61000,"HS"
59,36310,"Masters/Prof"
59,202500,"Bachelors"
59,77200,"HS"
59,13800,"Some College"
59,19000,"HS"
59,110000,"Doctoral"
59,23200,"HS"
59,74000,"HS"
59,130000,"HS"
59,83000,"Bachelors"
59,190000,"Bachelors"
59,7700,"Some College"
59,64000,"Bachelors"
59,187400,"HS"
59,12000,"no HS"
59,11000,"Some College"
59,136600,"Bachelors"
59,86400,"Doctoral"
59,120000,"Doctoral"
59,75900,"Masters/Prof"
59,24300,"HS"
59,1840,"Masters/Prof"
59,65000,"HS"
59,19800,"Bachelors"
59,18000,"Masters/Prof"
59,8000,"HS"
59,9370,"no HS"
59,43200,"no HS"
59,145000,"Bachelors"
59,14100,"Some College"
59,43000,"Bachelors"
59,10400,"Bachelors"
59,70000,"Some College"
59,90000,"Some College"
59,60000,"Bachelors"
59,10000,"no HS"
59,28500,"Bachelors"
59,90100,"Bachelors"
59,200000,"Associates"
59,195000,"Masters/Prof"
59,18000,"Bachelors"
59,112300,"Bachelors"
60,15600,"no HS"
60,21000,"HS"
60,160900,"Bachelors"
60,34900,"Some College"
60,197400,"Masters/Prof"
60,15300,"Some College"
60,630500,"Masters/Prof"
60,55000,"HS"
60,90000,"Bachelors"
60,100000,"HS"
60,135000,"Some College"
60,40410,"Masters/Prof"
60,432000,"Masters/Prof"
60,70000,"Bachelors"
60,12200,"no HS"
60,20900,"Some College"
60,552000,"Masters/Prof"
60,235000,"Masters/Prof"
60,52000,"Bachelors"
60,25000,"HS"
60,79000,"Bachelors"
60,1800,"HS"
60,19200,"Bachelors"
60,1600,"Some College"
60,5800,"no HS"
60,96000,"Bachelors"
60,125250,"Bachelors"
60,88000,"Masters/Prof"
60,130000,"Bachelors"
60,133000,"Masters/Prof"
60,72000,"Masters/Prof"
60,62000,"Some College"
60,30000,"HS"
60,90000,"Masters/Prof"
60,100000,"Masters/Prof"
60,22620,"Bachelors"
60,12800,"HS"
60,106000,"Bachelors"
60,72000,"Some College"
60,627400,"Masters/Prof"
60,38640,"Bachelors"
60,202000,"Masters/Prof"
60,116000,"Masters/Prof"
60,98000,"Masters/Prof"
60,501400,"Bachelors"
61,98000,"Bachelors"
61,46400,"HS"
61,23000,"HS"
61,120000,"Associates"
61,59000,"Masters/Prof"
61,55000,"HS"
61,50000,"HS"
61,35000,"Bachelors"
61,26700,"HS"
61,80000,"HS"
61,70600,"HS"
61,75000,"Masters/Prof"
61,56000,"Bachelors"
61,70000,"Bachelors"
61,60000,"HS"
61,10200,"HS"
61,66000,"Some College"
61,47000,"Some College"
61,120000,"Bachelors"
61,73000,"HS"
61,89800,"Masters/Prof"
61,16100,"Associates"
61,19300,"Bachelors"
61,960,"HS"
61,46000,"HS"
61,77000,"Bachelors"
61,18000,"Bachelors"
61,90700,"Masters/Prof"
61,30000,"Some College"
61,48000,"Masters/Prof"
61,135000,"Masters/Prof"
61,26100,"Some College"
61,300000,"Masters/Prof"
61,18000,"HS"
61,40000,"Associates"
61,44000,"HS"
61,46000,"Masters/Prof"
61,56000,"Some College"
61,65500,"HS"
61,34900,"HS"
61,52290,"Some College"
61,57000,"Bachelors"
61,156000,"Bachelors"
61,9000,"no HS"
61,105000,"Masters/Prof"
62,10000,"Masters/Prof"
62,20800,"no HS"
62,16100,"HS"
62,132000,"Masters/Prof"
62,100000,"HS"
62,85000,"Bachelors"
62,123000,"Some College"
62,108000,"Masters/Prof"
62,53900,"no HS"
62,47000,"Associates"
62,39000,"no HS"
62,25000,"HS"
62,36700,"no HS"
62,69140,"HS"
62,40000,"Some College"
62,314000,"Bachelors"
62,84400,"HS"
62,72000,"Associates"
62,632000,"Masters/Prof"
62,125000,"Doctoral"
62,31000,"Bachelors"
62,409000,"Doctoral"
62,40000,"Some College"
62,25000,"HS"
62,45000,"Bachelors"
62,16800,"Bachelors"
62,52000,"Associates"
62,45000,"Some College"
62,12200,"Associates"
62,30,"Masters/Prof"
62,51200,"HS"
62,626000,"Masters/Prof"
62,105000,"Bachelors"
62,18300,"Masters/Prof"
62,50000,"HS"
62,167600,"Masters/Prof"
62,56000,"Some College"
62,93000,"Masters/Prof"
62,300000,"Bachelors"
62,14600,"HS"
62,7000,"Masters/Prof"
62,30000,"Associates"
62,2300,"Associates"
62,27300,"HS"
62,60000,"Bachelors"
62,25000,"Bachelors"
62,2800,"Bachelors"
62,12100,"Some College"
63,51400,"Bachelors"
63,620000,"Bachelors"
63,86000,"no HS"
63,30000,"Masters/Prof"
63,12000,"HS"
63,99000,"Some College"
63,26000,"Bachelors"
63,37000,"HS"
63,80000,"HS"
63,63000,"Masters/Prof"
63,115000,"Bachelors"
63,25800,"Some College"
63,18200,"HS"
63,118300,"Bachelors"
63,53900,"Some College"
63,627500,"Masters/Prof"
63,13800,"no HS"
63,33000,"Some College"
63,27000,"HS"
63,830,"Some College"
63,60000,"Bachelors"
63,60000,"Associates"
63,16100,"Bachelors"
63,130000,"Bachelors"
63,53210,"Masters/Prof"
63,230000,"Masters/Prof"
63,105000,"Masters/Prof"
63,24600,"Bachelors"
63,68000,"HS"
63,142000,"Bachelors"
63,376000,"Bachelors"
63,39300,"Some College"
63,35100,"Bachelors"
63,59000,"HS"
63,157000,"Bachelors"
63,80000,"Masters/Prof"
63,55000,"Masters/Prof"
63,148000,"Masters/Prof"
63,74100,"Some College"
63,200000,"Bachelors"
63,48300,"Bachelors"
63,5160,"no HS"
63,212500,"Masters/Prof"
63,18000,"Some College"
63,60100,"HS"
63,31300,"no HS"
64,57000,"Masters/Prof"
64,1100,"HS"
64,6000,"HS"
64,95000,"Associates"
64,3000,"HS"
64,38000,"Bachelors"
64,65000,"Bachelors"
64,27000,"HS"
64,50000,"Masters/Prof"
64,17700,"Some College"
64,890,"HS"
64,80000,"Doctoral"
64,69000,"Some College"
64,75200,"Masters/Prof"
64,9300,"no HS"
64,30000,"Some College"
64,25200,"Doctoral"
64,9300,"no HS"
64,20900,"Associates"
64,45000,"Bachelors"
64,35000,"HS"
64,45000,"Bachelors"
64,175000,"Bachelors"
64,22000,"HS"
64,4600,"HS"
64,325000,"Masters/Prof"
64,627000,"Bachelors"
64,72000,"Masters/Prof"
64,98000,"Bachelors"
64,45800,"Masters/Prof"
64,26000,"HS"
64,13000,"HS"
64,47050,"Bachelors"
64,60,"Masters/Prof"
64,42000,"HS"
64,10600,"Some College"
64,18000,"no HS"
64,28400,"Associates"
64,16800,"no HS"
64,14400,"Masters/Prof"
64,62800,"HS"
64,30000,"Masters/Prof"
64,22800,"Bachelors"
64,100000,"Some College"
64,69000,"Some College"
64,63000,"Masters/Prof"
64,14000,"Associates"
65,35000,"Some College"
65,30000,"Bachelors"
65,48300,"HS"
65,1300,"Bachelors"
65,58000,"Masters/Prof"
65,38800,"Associates"
65,299000,"Masters/Prof"
65,81000,"Some College"
65,701700,"Masters/Prof"
65,2100,"Doctoral"
65,22000,"Some College"
65,57100,"Bachelors"
65,3300,"no HS"
65,48150,"Masters/Prof"
65,14020,"Some College"
65,33000,"Bachelors"
65,10400,"Associates"
65,12400,"Masters/Prof"
65,10000,"Masters/Prof"
65,100000,"Bachelors"
65,55000,"Masters/Prof"
65,42000,"HS"
65,34400,"Some College"
65,55250,"Some College"
65,38000,"HS"
65,25500,"HS"
65,29600,"Bachelors"
65,84900,"Associates"
65,24000,"HS"
65,280000,"Associates"
65,61540,"Some College"
65,20000,"Bachelors"
65,55000,"Bachelors"
65,23800,"Masters/Prof"
65,14400,"Associates"
65,5000,"no HS"
65,62000,"Associates"
65,79000,"Bachelors"
65,45000,"HS"
65,91500,"Masters/Prof"
65,104000,"HS"
65,72040,"Some College"
65,19500,"Some College"
65,12000,"no HS"
65,5000,"no HS"
65,55500,"Bachelors"
66,63700,"HS"
66,40000,"Bachelors"
66,38700,"Some College"
66,19000,"Bachelors"
66,19800,"Masters/Prof"
66,40000,"HS"
66,25000,"HS"
66,10500,"Some College"
66,11600,"HS"
66,13000,"Bachelors"
66,4000,"Bachelors"
66,70000,"Bachelors"
66,92800,"Associates"
66,148000,"Masters/Prof"
66,10300,"Bachelors"
66,80000,"Bachelors"
66,25800,"HS"
66,18160,"Masters/Prof"
66,67000,"Masters/Prof"
66,39400,"Associates"
66,61500,"Some College"
66,64700,"Bachelors"
66,20900,"Some College"
66,24000,"Bachelors"
66,13000,"Some College"
66,13800,"Some College"
66,24400,"Some College"
66,108000,"Doctoral"
66,70000,"Bachelors"
66,15000,"Associates"
66,11900,"Some College"
66,140000,"Bachelors"
66,12000,"Masters/Prof"
66,166000,"Associates"
66,13000,"Some College"
66,19900,"Bachelors"
66,22300,"Masters/Prof"
66,30700,"HS"
66,27000,"HS"
66,34600,"Bachelors"
66,1800,"Masters/Prof"
66,22500,"HS"
66,60000,"Masters/Prof"
66,103500,"Bachelors"
66,8800,"Some College"
66,400,"Masters/Prof"
67,13500,"HS"
67,230000,"Masters/Prof"
67,9600,"Some College"
67,65000,"Some College"
67,19000,"Associates"
67,105000,"HS"
67,141400,"Associates"
67,29200,"Masters/Prof"
67,27500,"Some College"
67,11800,"Some College"
67,23000,"HS"
67,65800,"Bachelors"
67,6500,"HS"
67,25800,"Some College"
67,30000,"Bachelors"
67,62000,"Bachelors"
67,398000,"Masters/Prof"
67,39100,"Bachelors"
67,63700,"Masters/Prof"
67,24000,"Associates"
67,8400,"Bachelors"
67,9000,"Bachelors"
67,12000,"Masters/Prof"
67,25000,"HS"
67,140000,"Bachelors"
67,15000,"HS"
67,14800,"no HS"
67,108000,"Masters/Prof"
67,84000,"Masters/Prof"
67,92160,"Some College"
67,14800,"no HS"
67,43000,"Bachelors"
67,78000,"Some College"
67,206000,"Bachelors"
67,76800,"Masters/Prof"
67,15600,"Bachelors"
67,26400,"Masters/Prof"
67,199700,"Masters/Prof"
67,57700,"Associates"
67,7000,"HS"
67,11100,"HS"
67,55000,"Associates"
67,10100,"Some College"
67,14000,"Bachelors"
67,9000,"HS"
67,26000,"HS"
67,35900,"Masters/Prof"
68,10800,"HS"
68,11200,"no HS"
68,49100,"Bachelors"
68,10000,"Bachelors"
68,10300,"Associates"
68,14200,"Bachelors"
68,649000,"Bachelors"
68,110000,"Bachelors"
68,16600,"HS"
68,25000,"HS"
68,50000,"Associates"
68,72800,"HS"
68,12000,"Bachelors"
68,335400,"Some College"
68,12700,"Some College"
68,26000,"Masters/Prof"
68,167500,"Bachelors"
68,9700,"Associates"
68,33600,"HS"
68,44650,"Masters/Prof"
68,53300,"Some College"
68,161800,"Masters/Prof"
68,12000,"HS"
68,89100,"Masters/Prof"
68,10300,"Masters/Prof"
68,84200,"Some College"
68,25500,"Masters/Prof"
68,85400,"Some College"
68,66200,"Bachelors"
68,43000,"HS"
68,46000,"Associates"
68,10800,"HS"
68,7300,"no HS"
68,66800,"Bachelors"
68,37700,"Some College"
68,24600,"HS"
68,25000,"Masters/Prof"
68,18600,"Associates"
68,27100,"HS"
68,70000,"Some College"
68,38140,"Masters/Prof"
68,13320,"HS"
68,11900,"no HS"
68,29300,"HS"
68,96400,"Masters/Prof"
68,27000,"Some College"
68,4700,"Masters/Prof"
68,51500,"no HS"
68,128600,"Masters/Prof"
69,25800,"Masters/Prof"
69,13300,"Bachelors"
69,20000,"Some College"
69,324000,"Doctoral"
69,24200,"Bachelors"
69,56800,"no HS"
69,15600,"Some College"
69,15700,"Masters/Prof"
69,39400,"Bachelors"
69,24700,"HS"
69,24700,"Some College"
69,38000,"Masters/Prof"
69,110450,"HS"
69,47600,"Bachelors"
69,33300,"Bachelors"
69,12530,"Some College"
69,28000,"Bachelors"
69,12900,"Associates"
69,33000,"Some College"
69,7800,"Masters/Prof"
69,214100,"Masters/Prof"
69,24000,"Some College"
69,26000,"Associates"
69,42000,"Masters/Prof"
69,121800,"Some College"
69,55000,"Masters/Prof"
69,47300,"HS"
69,56900,"Masters/Prof"
69,349000,"Masters/Prof"
69,36000,"HS"
69,9000,"HS"
69,63000,"Masters/Prof"
69,82300,"Masters/Prof"
69,17700,"Masters/Prof"
69,155200,"Bachelors"
69,32000,"Associates"
69,22400,"Associates"
69,54000,"Bachelors"
69,13300,"Some College"
69,65000,"Bachelors"
69,62100,"Masters/Prof"
69,2400,"Bachelors"
69,51000,"Masters/Prof"
69,49000,"Bachelors"
69,80400,"Bachelors"
69,4300,"Masters/Prof"
69,5500,"HS"
69,17500,"Associates"
69,52500,"Masters/Prof"
70,12200,"Some College"
70,110000,"Doctoral"
70,54400,"Masters/Prof"
70,103000,"Bachelors"
70,67900,"Bachelors"
70,17000,"HS"
70,54100,"Masters/Prof"
70,10000,"Some College"
70,23000,"Masters/Prof"
70,9800,"HS"
70,78500,"Masters/Prof"
70,64900,"Masters/Prof"
70,466700,"Bachelors"
70,21600,"Masters/Prof"
70,20100,"Some College"
70,48000,"Masters/Prof"
70,61000,"Masters/Prof"
70,10600,"no HS"
70,14200,"HS"
70,9600,"HS"
70,44700,"Bachelors"
70,30000,"Bachelors"
70,26500,"HS"
70,19000,"Some College"
70,220000,"Bachelors"
70,20800,"Bachelors"
70,1700,"HS"
70,76700,"Bachelors"
70,9600,"HS"
70,14400,"Masters/Prof"
70,54500,"Associates"
70,75600,"Some College"
70,7700,"Some College"
70,256400,"Masters/Prof"
70,12800,"Associates"
70,6000,"HS"
70,87600,"Masters/Prof"
70,72400,"Masters/Prof"
70,80340,"Masters/Prof"
70,10700,"HS"
70,7000,"HS"
70,107500,"Associates"
70,36400,"Masters/Prof"
70,46800,"Bachelors"
70,12600,"HS"
70,47500,"Some College"
70,11100,"HS"
70,6300,"no HS"
70,66000,"HS"
71,10500,"no HS"
71,48000,"Masters/Prof"
71,80900,"Bachelors"
71,29300,"Some College"
71,69400,"Masters/Prof"
71,43000,"Masters/Prof"
71,145400,"Masters/Prof"
71,23500,"Some College"
71,56800,"Masters/Prof"
71,23000,"HS"
71,14000,"Some College"
71,13200,"HS"
71,12000,"Some College"
71,10800,"Bachelors"
71,13900,"Bachelors"
71,26200,"Bachelors"
71,6800,"HS"
71,43000,"Masters/Prof"
71,12100,"no HS"
71,7200,"no HS"
71,14500,"Some College"
71,22000,"Masters/Prof"
71,7200,"HS"
71,11100,"Some College"
71,98600,"Doctoral"
71,17200,"no HS"
71,30000,"Masters/Prof"
71,110500,"Some College"
71,44900,"Bachelors"
71,16750,"Masters/Prof"
71,61800,"Bachelors"
71,37600,"HS"
71,9000,"HS"
71,160000,"Bachelors"
71,8000,"no HS"
71,53700,"Bachelors"
71,75200,"HS"
71,37160,"Bachelors"
71,210000,"Doctoral"
71,11600,"Masters/Prof"
71,37000,"HS"
71,3900,"no HS"
71,3500,"Bachelors"
71,2700,"Masters/Prof"
71,36800,"Some College"
71,14700,"no HS"
72,55000,"Bachelors"
72,26800,"Associates"
72,12400,"no HS"
72,18300,"no HS"
72,24000,"Associates"
72,8600,"Some College"
72,1800,"Bachelors"
72,26600,"HS"
72,19400,"Bachelors"
72,4240,"no HS"
72,2600,"Some College"
72,14300,"Masters/Prof"
72,21600,"HS"
72,109000,"Masters/Prof"
72,1500,"HS"
72,46000,"Associates"
72,8100,"no HS"
72,40000,"Masters/Prof"
72,16300,"HS"
72,41760,"Masters/Prof"
72,1500,"Bachelors"
72,11600,"Masters/Prof"
72,44600,"Bachelors"
72,10920,"no HS"
72,86400,"Masters/Prof"
72,18370,"Some College"
72,24000,"no HS"
72,29700,"HS"
72,55400,"Bachelors"
72,69000,"Masters/Prof"
72,81400,"Masters/Prof"
72,59000,"Masters/Prof"
72,7800,"HS"
72,53100,"Some College"
72,20100,"Associates"
72,50300,"HS"
72,24000,"HS"
72,45000,"Masters/Prof"
72,5200,"no HS"
72,17700,"Some College"
72,28000,"Some College"
72,25360,"no HS"
72,189300,"Doctoral"
72,13600,"Some College"
72,42710,"HS"
72,29000,"Masters/Prof"
72,85300,"Doctoral"
72,40000,"Bachelors"
72,57600,"Associates"
73,64400,"no HS"
73,43800,"Bachelors"
73,61600,"Bachelors"
73,56400,"Masters/Prof"
73,15600,"Bachelors"
73,1200,"HS"
73,44600,"no HS"
73,64000,"Masters/Prof"
73,450,"HS"
73,29400,"no HS"
73,252400,"Masters/Prof"
73,27850,"HS"
73,254100,"Masters/Prof"
73,109600,"Masters/Prof"
73,12300,"Doctoral"
73,89500,"Some College"
73,3600,"Associates"
73,12000,"HS"
73,10700,"Associates"
73,18600,"HS"
73,15600,"Associates"
73,10800,"no HS"
73,12300,"HS"
73,9600,"no HS"
73,14900,"Some College"
73,51400,"Bachelors"
73,23200,"HS"
73,65400,"Bachelors"
73,65500,"Some College"
73,60000,"Bachelors"
73,10800,"no HS"
73,9100,"HS"
73,21000,"HS"
73,14100,"Associates"
73,1300,"HS"
73,12400,"HS"
73,20900,"Some College"
73,43400,"Bachelors"
73,51600,"HS"
73,67600,"Some College"
73,150400,"Doctoral"
73,30900,"no HS"
73,12600,"no HS"
73,15270,"Some College"
73,4400,"Masters/Prof"
73,65800,"Masters/Prof"
73,308600,"Some College"
73,27400,"Masters/Prof"
74,12160,"no HS"
74,18500,"Bachelors"
74,81900,"Bachelors"
74,89800,"Bachelors"
74,17530,"Some College"
74,13500,"Associates"
74,8500,"HS"
74,8550,"Some College"
74,8460,"Bachelors"
74,43800,"Bachelors"
74,8400,"Some College"
74,37800,"HS"
74,77200,"HS"
74,8400,"HS"
74,7200,"no HS"
74,56900,"Masters/Prof"
74,2000,"no HS"
74,106000,"Masters/Prof"
74,6500,"Bachelors"
74,30800,"Associates"
74,63000,"Associates"
74,19200,"HS"
74,10200,"no HS"
74,9300,"Bachelors"
74,36000,"Bachelors"
74,19630,"Associates"
74,434400,"Masters/Prof"
74,23800,"HS"
74,23000,"Masters/Prof"
74,64400,"HS"
74,20560,"Associates"
74,24800,"Doctoral"
74,8000,"no HS"
74,14400,"Masters/Prof"
74,17890,"HS"
74,22200,"HS"
74,3100,"Masters/Prof"
74,26200,"Associates"
74,12300,"no HS"
74,64400,"Masters/Prof"
74,61300,"Some College"
74,5100,"no HS"
74,8000,"no HS"
74,45000,"HS"
74,74900,"Masters/Prof"
74,12000,"Masters/Prof"
74,22600,"HS"
75,18000,"Bachelors"
75,15000,"no HS"
75,12000,"Associates"
75,13500,"HS"
75,14500,"no HS"
75,47500,"Masters/Prof"
75,9000,"HS"
75,303600,"Bachelors"
75,67000,"Some College"
75,12900,"Associates"
75,3000,"Associates"
75,1700,"no HS"
75,22800,"no HS"
75,11400,"Some College"
75,45000,"Masters/Prof"
75,43600,"HS"
75,17500,"Bachelors"
75,461400,"Masters/Prof"
75,66300,"HS"
75,107700,"Bachelors"
75,55100,"HS"
75,48600,"HS"
75,62400,"Some College"
75,16000,"Some College"
75,11300,"HS"
75,47100,"HS"
75,38400,"Some College"
75,85000,"Doctoral"
75,10400,"HS"
75,2100,"Some College"
75,51530,"Masters/Prof"
75,9200,"HS"
75,8400,"Masters/Prof"
75,24000,"Doctoral"
75,24600,"Some College"
75,65000,"Masters/Prof"
75,20300,"Some College"
75,38690,"Bachelors"
75,24000,"Some College"
75,18000,"HS"
75,32000,"HS"
75,128000,"HS"
75,8710,"no HS"
75,35500,"Bachelors"
75,22000,"Bachelors"
75,17700,"HS"
76,12000,"Some College"
76,187000,"Masters/Prof"
76,86500,"Associates"
76,8400,"HS"
76,9000,"no HS"
76,79600,"Some College"
76,142400,"Some College"
76,55000,"HS"
76,17100,"HS"
76,50250,"Masters/Prof"
76,21700,"Bachelors"
76,25800,"no HS"
76,54600,"Bachelors"
76,10500,"HS"
76,8700,"no HS"
76,47700,"HS"
76,12100,"Bachelors"
76,10120,"HS"
76,95900,"Bachelors"
76,76900,"Some College"
76,148900,"Some College"
76,196000,"Masters/Prof"
76,37000,"Associates"
76,79000,"Bachelors"
76,13200,"HS"
76,195000,"Masters/Prof"
76,2900,"Bachelors"
76,31200,"Bachelors"
76,3300,"Some College"
76,14800,"HS"
76,14000,"Masters/Prof"
76,6000,"HS"
76,15000,"HS"
76,13040,"Bachelors"
76,17300,"no HS"
76,52000,"Doctoral"
76,31300,"Some College"
76,82000,"Bachelors"
76,4500,"Bachelors"
76,17220,"Masters/Prof"
76,6500,"HS"
76,7400,"HS"
76,25000,"Some College"
76,27890,"Some College"
76,38200,"Masters/Prof"
76,10500,"HS"
76,17300,"Bachelors"
76,12000,"HS"
76,4000,"HS"
77,21600,"HS"
77,171900,"Masters/Prof"
77,13000,"HS"
77,38950,"Bachelors"
77,24000,"Bachelors"
77,1300,"Masters/Prof"
77,2000,"Associates"
77,32900,"Some College"
77,52000,"Some College"
77,18000,"HS"
77,24100,"HS"
77,24000,"HS"
77,12500,"no HS"
77,32900,"Masters/Prof"
77,42700,"Associates"
77,12100,"Bachelors"
77,31000,"Associates"
77,12000,"HS"
77,8000,"Masters/Prof"
77,100000,"Masters/Prof"
77,7800,"HS"
77,6800,"no HS"
77,32400,"Associates"
77,10300,"no HS"
77,19900,"Bachelors"
77,24900,"HS"
77,35800,"Masters/Prof"
77,11500,"Masters/Prof"
77,335400,"HS"
77,30400,"Some College"
77,13700,"no HS"
77,6000,"Bachelors"
77,48300,"Some College"
77,38400,"HS"
77,9600,"Some College"
77,20700,"Some College"
77,15200,"Associates"
77,1400,"Bachelors"
77,9900,"no HS"
77,7700,"HS"
77,27600,"Some College"
77,19500,"Associates"
77,53600,"Associates"
77,10500,"Associates"
77,9000,"no HS"
77,30300,"Some College"
78,46100,"HS"
78,14400,"no HS"
78,15700,"Bachelors"
78,55100,"Masters/Prof"
78,3500,"Bachelors"
78,62900,"Masters/Prof"
78,28000,"Masters/Prof"
78,19200,"HS"
78,61600,"HS"
78,2900,"Bachelors"
78,16000,"Associates"
78,14400,"HS"
78,5600,"Associates"
78,32900,"Some College"
78,17500,"HS"
78,14000,"no HS"
78,12300,"no HS"
78,13000,"no HS"
78,1353400,"Masters/Prof"
78,14000,"HS"
78,17400,"HS"
78,5100,"HS"
78,16720,"Masters/Prof"
78,40000,"Bachelors"
78,9400,"no HS"
78,12300,"no HS"
78,96400,"Bachelors"
78,54000,"Masters/Prof"
78,10200,"HS"
78,15600,"no HS"
78,6300,"Associates"
78,46600,"Bachelors"
78,36000,"Doctoral"
78,18000,"HS"
78,10600,"HS"
78,10500,"no HS"
78,50000,"Some College"
78,56400,"Bachelors"
78,26000,"Associates"
78,8900,"no HS"
78,6100,"HS"
78,22600,"HS"
78,61450,"Doctoral"
78,16300,"HS"
78,36000,"Some College"
78,7700,"HS"
78,20800,"Some College"
78,10000,"Masters/Prof"
78,37000,"Some College"
79,7200,"HS"
79,9800,"Masters/Prof"
79,41000,"no HS"
79,101000,"Masters/Prof"
79,29000,"HS"
79,27110,"Associates"
79,17800,"HS"
79,10700,"HS"
79,95000,"Bachelors"
79,23200,"Masters/Prof"
79,30000,"Bachelors"
79,102300,"no HS"
79,41000,"Masters/Prof"
79,12000,"no HS"
79,11800,"no HS"
79,16600,"Bachelors"
79,6500,"no HS"
79,7800,"HS"
79,20300,"Some College"
79,57200,"Bachelors"
79,56600,"Bachelors"
79,3600,"no HS"
79,22900,"HS"
79,20000,"Some College"
79,21600,"no HS"
79,105000,"Some College"
79,4800,"no HS"
79,6300,"no HS"
79,8600,"HS"
79,19000,"HS"
79,69800,"Some College"
79,95800,"Bachelors"
79,20400,"Bachelors"
79,58200,"Associates"
79,25000,"no HS"
79,17100,"Bachelors"
79,84500,"Bachelors"
79,37100,"Bachelors"
79,27000,"HS"
79,63900,"Masters/Prof"
79,13700,"HS"
79,74500,"HS"
79,53300,"Masters/Prof"
79,14600,"Some College"
79,27000,"Some College"
79,74300,"Bachelors"
79,43100,"Some College"
80,49950,"HS"
80,18000,"Some College"
80,25400,"HS"
80,49000,"HS"
80,3600,"no HS"
80,39000,"Masters/Prof"
80,19530,"HS"
80,69070,"Masters/Prof"
80,41000,"Masters/Prof"
80,12400,"Masters/Prof"
80,27700,"Associates"
80,50900,"Associates"
80,48000,"Masters/Prof"
80,58670,"Some College"
80,321200,"HS"
80,57800,"Masters/Prof"
80,11300,"HS"
80,35300,"Bachelors"
80,40000,"Bachelors"
80,167800,"Doctoral"
80,18700,"Some College"
80,56000,"HS"
80,35200,"Bachelors"
80,8000,"Bachelors"
80,84000,"Masters/Prof"
80,329500,"Masters/Prof"
80,22800,"HS"
80,25000,"Bachelors"
80,42000,"Masters/Prof"
80,1700,"HS"
80,30100,"HS"
80,18500,"no HS"
80,29100,"HS"
80,9600,"no HS"
80,6000,"HS"
80,6400,"Some College"
80,45100,"Bachelors"
80,13000,"HS"
80,44000,"no HS"
80,32500,"Bachelors"
80,11100,"HS"
80,7200,"HS"
80,11700,"Bachelors"
80,26000,"HS"
80,5000,"no HS"
80,62600,"Some College"
80,6700,"Some College"
80,48000,"Bachelors"
81,24000,"HS"
81,34700,"Doctoral"
81,42740,"Masters/Prof"
81,13100,"no HS"
81,11000,"HS"
81,29570,"Masters/Prof"
81,97500,"Bachelors"
81,72300,"Masters/Prof"
81,20400,"Some College"
81,84000,"Doctoral"
81,18300,"no HS"
81,24200,"Some College"
81,36000,"Bachelors"
81,43400,"Masters/Prof"
81,73300,"Bachelors"
81,13700,"HS"
81,9900,"no HS"
81,12200,"no HS"
81,22200,"no HS"
81,38300,"Some College"
81,16300,"HS"
81,17600,"HS"
81,30200,"Some College"
81,9400,"Associates"
81,43100,"Some College"
81,25300,"Some College"
81,12000,"HS"
81,70700,"Masters/Prof"
81,22000,"Bachelors"
81,49000,"Bachelors"
81,75600,"Some College"
81,30000,"Masters/Prof"
81,55700,"Some College"
81,9200,"HS"
81,11000,"Bachelors"
81,99900,"Bachelors"
81,30000,"no HS"
81,20500,"Some College"
81,14400,"Bachelors"
81,28950,"Masters/Prof"
81,23800,"Bachelors"
81,7800,"Masters/Prof"
81,62300,"Bachelors"
81,41900,"no HS"
81,329000,"Doctoral"
81,43500,"HS"
81,26000,"Bachelors"
82,18000,"HS"
82,36400,"Some College"
82,13400,"no HS"
82,39200,"HS"
82,14200,"Some College"
82,49100,"HS"
82,12600,"Associates"
82,22000,"Masters/Prof"
82,10700,"Masters/Prof"
82,3000,"HS"
82,440200,"Bachelors"
82,32270,"HS"
82,24800,"Some College"
82,42000,"Masters/Prof"
82,13200,"Some College"
82,82100,"Some College"
82,9600,"HS"
82,40820,"Bachelors"
82,5700,"HS"
82,22200,"HS"
82,17900,"Masters/Prof"
82,36400,"Bachelors"
82,60900,"Bachelors"
82,316700,"Masters/Prof"
82,17800,"Bachelors"
82,24600,"no HS"
82,1800,"Some College"
82,80400,"HS"
82,20000,"Masters/Prof"
82,126400,"HS"
82,19200,"HS"
82,36000,"HS"
82,4800,"Bachelors"
82,12300,"no HS"
82,62200,"HS"
82,15900,"HS"
82,14200,"no HS"
82,9400,"Some College"
82,28800,"no HS"
82,13100,"HS"
82,6000,"HS"
82,69000,"Bachelors"
82,24000,"Masters/Prof"
82,28000,"Associates"
82,16600,"Associates"
82,7200,"no HS"
83,7900,"Associates"
83,9850,"Masters/Prof"
83,15100,"no HS"
83,16900,"HS"
83,18900,"HS"
83,16100,"Bachelors"
83,156000,"Bachelors"
83,287200,"Bachelors"
83,14300,"HS"
83,16400,"Some College"
83,10000,"HS"
83,111400,"Bachelors"
83,57000,"Masters/Prof"
83,139400,"Doctoral"
83,51900,"Bachelors"
83,32300,"Masters/Prof"
83,62400,"Bachelors"
83,34400,"Bachelors"
83,8800,"HS"
83,42400,"Masters/Prof"
83,45500,"HS"
83,10040,"HS"
83,1500,"HS"
83,67020,"Masters/Prof"
83,26900,"HS"
83,9800,"HS"
83,33000,"Bachelors"
83,10900,"HS"
83,40700,"Doctoral"
83,14500,"HS"
83,25900,"HS"
83,17600,"HS"
83,15000,"Doctoral"
83,14000,"Some College"
83,23600,"no HS"
83,90000,"Some College"
83,30700,"Masters/Prof"
83,39100,"HS"
83,11900,"no HS"
83,10600,"Associates"
83,12300,"HS"
83,32750,"HS"
83,34400,"HS"
83,23300,"HS"
83,25500,"no HS"
84,18600,"Some College"
84,10500,"HS"
84,28700,"Bachelors"
84,40000,"Masters/Prof"
84,1500,"HS"
84,51000,"Associates"
84,24000,"HS"
84,45900,"HS"
84,8500,"Some College"
84,197200,"Masters/Prof"
84,14400,"HS"
84,6900,"Associates"
84,9100,"no HS"
84,11800,"HS"
84,2600,"HS"
84,90300,"Masters/Prof"
84,26500,"Masters/Prof"
84,3600,"Bachelors"
84,24000,"Some College"
84,34400,"Associates"
84,7800,"Some College"
84,24100,"no HS"
84,66100,"Bachelors"
84,61600,"Masters/Prof"
84,12100,"Some College"
84,12000,"HS"
84,5400,"HS"
84,27700,"HS"
84,25000,"HS"
84,36400,"Masters/Prof"
84,7600,"Bachelors"
84,22200,"no HS"
84,26100,"Associates"
84,69600,"Doctoral"
84,12400,"HS"
84,40200,"Some College"
84,65000,"HS"
84,10250,"HS"
84,7600,"Bachelors"
84,8200,"Some College"
84,9650,"Associates"
84,310100,"Bachelors"
84,20600,"Some College"
84,23800,"Bachelors"
84,9000,"HS"
84,22200,"no HS"
84,14400,"HS"
85,12600,"Associates"
85,16430,"HS"
85,6800,"HS"
85,12000,"Bachelors"
85,25000,"HS"
85,43300,"Doctoral"
85,3600,"no HS"
85,95700,"Some College"
85,12000,"Masters/Prof"
85,329000,"Bachelors"
85,67300,"Some College"
85,31300,"Bachelors"
85,29900,"Masters/Prof"
85,13200,"no HS"
85,27500,"HS"
85,15000,"HS"
85,27700,"Associates"
85,15500,"HS"
85,13100,"Some College"
85,32170,"Some College"
85,16100,"HS"
85,428800,"Doctoral"
85,34350,"HS"
85,8000,"HS"
85,14400,"HS"
85,12300,"no HS"
85,19730,"no HS"
85,25800,"Bachelors"
85,52600,"Bachelors"
85,119500,"Bachelors"
85,4800,"Associates"
85,102100,"Masters/Prof"
85,20600,"Bachelors"
85,17900,"HS"
85,28500,"Bachelors"
85,13300,"no HS"
85,7800,"Bachelors"
85,18000,"Associates"
85,32500,"Masters/Prof"
85,7600,"Bachelors"
85,6900,"no HS"
86,20500,"no HS"
86,25100,"no HS"
86,31000,"Some College"
86,6300,"no HS"
86,1600,"HS"
86,12000,"HS"
86,8400,"no HS"
86,9300,"HS"
86,27900,"Masters/Prof"
86,67000,"HS"
86,17220,"HS"
86,7200,"no HS"
86,23800,"no HS"
86,48400,"Bachelors"
86,38200,"HS"
86,35600,"Some College"
86,6300,"no HS"
86,19200,"HS"
86,6600,"HS"
86,25300,"HS"
86,24100,"Some College"
86,21800,"Bachelors"
86,6400,"HS"
86,12000,"no HS"
86,9600,"no HS"
86,10200,"no HS"
86,6300,"no HS"
86,5400,"HS"
86,18000,"HS"
86,49000,"Some College"
86,56400,"HS"
86,6300,"no HS"
86,1400,"HS"
86,7800,"HS"
86,6300,"no HS"
86,12000,"Doctoral"
86,31300,"Some College"
86,17840,"Masters/Prof"
86,36600,"Masters/Prof"
86,32600,"HS"
86,41010,"Doctoral"
86,16800,"Some College"
86,24100,"Some College"
86,11300,"HS"
86,6300,"no HS"
86,6600,"HS"
86,11800,"Bachelors"
87,8400,"HS"
87,8300,"HS"
87,23600,"Masters/Prof"
87,18000,"HS"
87,6600,"no HS"
87,36000,"Masters/Prof"
87,34600,"HS"
87,47900,"HS"
87,50600,"HS"
87,22200,"Bachelors"
87,10300,"Some College"
87,22200,"Bachelors"
87,3900,"HS"
87,9900,"Some College"
87,7800,"HS"
87,11000,"HS"
87,8800,"HS"
87,15000,"HS"
87,23380,"HS"
87,120700,"Bachelors"
87,15800,"no HS"
87,13200,"no HS"
87,11800,"HS"
87,162800,"Masters/Prof"
87,23000,"HS"
87,35800,"Bachelors"
87,15700,"no HS"
87,25900,"HS"
87,8800,"HS"
87,20800,"HS"
87,17600,"no HS"
87,23300,"HS"
87,21500,"HS"
87,4000,"HS"
87,16800,"HS"
87,36400,"HS"
87,8400,"HS"
87,260000,"Doctoral"
87,16800,"HS"
87,8100,"HS"
87,136400,"Bachelors"
87,21600,"HS"
87,22200,"Bachelors"
87,8800,"HS"
87,23600,"Associates"
87,55100,"Associates"
87,34800,"Masters/Prof"
87,58000,"Doctoral"
87,19020,"HS"
88,14600,"HS"
88,67500,"Some College"
88,14200,"HS"
88,30000,"Some College"
88,17900,"no HS"
88,22200,"HS"
88,11000,"HS"
88,19100,"no HS"
88,14400,"HS"
88,18990,"HS"
88,29100,"HS"
88,16000,"HS"
88,16300,"HS"
88,8600,"HS"
88,12000,"HS"
88,22200,"Bachelors"
88,59400,"Masters/Prof"
88,49000,"HS"
88,27400,"Bachelors"
88,8800,"HS"
88,17500,"HS"
88,11300,"no HS"
88,10800,"Bachelors"
88,9000,"no HS"
88,32400,"HS"
88,22200,"no HS"
88,14900,"Some College"
88,30000,"HS"
88,11000,"HS"
88,49700,"HS"
88,32200,"HS"
88,36400,"HS"
88,19300,"HS"
88,15000,"HS"
88,30700,"HS"
88,49000,"Masters/Prof"
88,30000,"no HS"
88,16200,"Associates"
88,42700,"HS"
88,36680,"HS"
88,26800,"Masters/Prof"
88,8600,"HS"
88,22200,"no HS"
88,29300,"Bachelors"
88,22500,"Doctoral"
88,98200,"Bachelors"
88,17500,"HS"
88,15600,"Associates"
88,14200,"HS"
89,22300,"Bachelors"
89,14800,"HS"
89,35000,"HS"
89,30600,"HS"
89,3600,"no HS"
89,9600,"HS"
89,24040,"no HS"
89,13100,"HS"
89,9000,"HS"
89,14800,"Bachelors"
89,19200,"HS"
89,12900,"HS"
89,13800,"no HS"
89,30600,"no HS"
89,64500,"Some College"
89,11000,"HS"
89,124700,"Masters/Prof"
89,22300,"HS"
89,11000,"HS"
89,18400,"HS"
89,77800,"Masters/Prof"
89,21100,"no HS"
89,22800,"HS"
89,11000,"Masters/Prof"
89,8800,"HS"
89,52000,"Bachelors"
89,32000,"Bachelors"
89,92620,"Masters/Prof"
89,16900,"HS"
89,23200,"no HS"
89,10700,"HS"
89,32100,"Masters/Prof"
89,30600,"HS"
89,41500,"Some College"
89,17490,"HS"
89,10000,"HS"
89,18900,"HS"
89,176300,"Masters/Prof"
89,36500,"Bachelors"
89,10500,"no HS"
89,7200,"HS"
89,63000,"Bachelors"
89,37400,"Some College"
89,55000,"Bachelors"
89,20400,"no HS"
89,10400,"HS"
90,11200,"HS"
90,40590,"HS"
90,11600,"no HS"
90,10200,"Some College"
90,17540,"HS"
90,11000,"no HS"
90,132000,"Masters/Prof"
90,20600,"Bachelors"
90,10700,"HS"
90,24600,"Masters/Prof"
90,33900,"Some College"
90,12000,"Bachelors"
90,12000,"Bachelors"
90,10200,"HS"
90,18000,"HS"
90,36000,"Bachelors"
90,22200,"HS"
90,21800,"Bachelors"
90,11000,"Bachelors"
90,72100,"Masters/Prof"
90,91000,"HS"
90,47400,"Bachelors"
90,16400,"HS"
90,24000,"Masters/Prof"
90,30300,"Some College"
90,9010,"no HS"
90,1820,"HS"
90,10870,"HS"
90,13600,"no HS"
90,11000,"Bachelors"
90,10500,"HS"
90,12500,"no HS"
90,12400,"HS"
90,18000,"HS"
90,69500,"Masters/Prof"
90,109400,"no HS"
90,21100,"no HS"
90,52000,"HS"
90,6000,"Doctoral"
90,63800,"Doctoral"
90,11000,"Bachelors"
90,29200,"HS"
90,20500,"HS"
90,21000,"no HS"
90,15000,"HS"
90,12900,"HS"
90,10000,"HS"
91,35400,"Masters/Prof"
91,21400,"no HS"
91,9300,"no HS"
91,12100,"HS"
91,27900,"HS"
91,63100,"no HS"
91,16800,"HS"
91,15700,"HS"
91,16500,"no HS"
91,46700,"no HS"
91,15000,"Some College"
91,11500,"Associates"
91,64000,"Masters/Prof"
91,22300,"Bachelors"
91,13000,"HS"
91,29000,"no HS"
91,25200,"HS"
91,13000,"Bachelors"
91,65000,"Masters/Prof"
91,47200,"Some College"
91,25000,"HS"
91,28400,"no HS"
91,23500,"Some College"
91,16200,"no HS"
91,5100,"no HS"
91,17500,"HS"
91,13200,"HS"
91,14100,"Bachelors"
91,7800,"HS"
91,27900,"HS"
91,34600,"HS"
91,13000,"Bachelors"
91,326700,"Bachelors"
91,16200,"HS"
91,41300,"HS"
91,16300,"HS"
91,21000,"HS"
91,33300,"Some College"
91,33800,"HS"
91,17100,"HS"
91,20400,"HS"
91,8800,"no HS"
91,19200,"HS"
91,26500,"HS"
91,23600,"HS"
91,41000,"Some College"
91,24950,"Bachelors"
91,8400,"no HS"
95,17000,"Some College"
95,18300,"Bachelors"
95,32800,"Some College"
95,14800,"no HS"
95,126400,"Masters/Prof"
95,22100,"Some College"
95,13900,"HS"
95,30000,"Bachelors"
95,16800,"no HS"
95,26410,"HS"
95,11400,"HS"
95,4800,"no HS"
95,14400,"Bachelors"
95,10500,"no HS"
95,30000,"HS"
95,8800,"HS"
95,22600,"HS"
95,14400,"HS"
95,12600,"no HS"
95,25600,"Bachelors"
95,17700,"HS"
95,95000,"Masters/Prof"
95,7800,"Associates"
95,324000,"Some College"
95,8400,"Masters/Prof"
95,13100,"no HS"
95,9900,"Some College"
95,22200,"no HS"
95,19800,"Some College"
95,48000,"HS"
95,40500,"Some College"
95,22800,"HS"
95,11000,"Bachelors"
95,24000,"HS"
95,25800,"HS"
95,35900,"Some College"
95,24000,"Masters/Prof"
95,53600,"HS"
95,55700,"Doctoral"
95,30400,"HS"
95,9000,"HS"
95,12400,"HS"
95,25200,"Masters/Prof"
95,18000,"HS"
95,30500,"HS"
95,48300,"HS"
95,48800,"Associates"
95,48000,"HS"
